"Resistente","Sensible","miRNA","Overall"
3.0852676453128,3.0852676453128,"`hsa-miR-769-5p86`",3.0852676453128
2.66615915247607,2.66615915247607,"`hsa-miR-194-3p71`",2.66615915247607
2.36873239592647,2.36873239592647,"`hsa-miR-585-5p18`",2.36873239592647
2.14995733822447,2.14995733822447,"`hsa-miR-15a-5p68`",2.14995733822447
1.99939460378974,1.99939460378974,"`hsa-miR-4662a-5p31`",1.99939460378974
1.90247951660462,1.90247951660462,"`hsa-miR-483-5p61`",1.90247951660462
1.74447458396164,1.74447458396164,"`hsa-miR-3677-3p01`",1.74447458396164
1.69876576218539,1.69876576218539,"`hsa-miR-1228-5p82`",1.69876576218539
1.62331957352047,1.62331957352047,"`hsa-miR-446996`",1.62331957352047
1.59383717707543,1.59383717707543,"`hsa-miR-6513-3p83`",1.59383717707543
1.56287798143173,1.56287798143173,"`hsa-miR-874-3p11`",1.56287798143173
1.53831720798703,1.53831720798703,"`hsa-miR-6507-5p70`",1.53831720798703
1.5133951713008,1.5133951713008,"`hsa-miR-4529-3p68`",1.5133951713008
1.5133951713008,1.5133951713008,"`hsa-miR-477531`",1.5133951713008
1.48988774721695,1.48988774721695,"`hsa-miR-382-5p37`",1.48988774721695
1.3994929698777,1.3994929698777,"`hsa-miR-363-3p07`",1.3994929698777
1.37340718685841,1.37340718685841,"`hsa-miR-6734-5p69`",1.37340718685841
1.36674365792728,1.36674365792728,"`hsa-miR-3158-3p32`",1.36674365792728
1.32378057958803,1.32378057958803,"`hsa-miR-409-3p39`",1.32378057958803
1.31754202552918,1.31754202552918,"`hsa-miR-624-5p93`",1.31754202552918
1.27926384940294,1.27926384940294,"`hsa-miR-6724-5p56`",1.27926384940294
1.20467523065247,1.20467523065247,"`hsa-miR-539-3p05`",1.20467523065247
1.1984533196493,1.1984533196493,"`hsa-let-7g-5p14`",1.1984533196493
1.17253189120856,1.17253189120856,"`hsa-miR-1245a97`",1.17253189120856
1.15153538982058,1.15153538982058,"`hsa-miR-10b-5p54`",1.15153538982058
1.15153538982058,1.15153538982058,"`hsa-miR-20a-5p75`",1.15153538982058
1.14406638739316,1.14406638739316,"`hsa-miR-2681-5p15`",1.14406638739316
1.1247562087488,1.1247562087488,"`hsa-miR-196b-5p80`",1.1247562087488
1.07821983954985,1.07821983954985,"`hsa-miR-144-5p00`",1.07821983954985
1.01515834940831,1.01515834940831,"`hsa-miR-92a-3p92`",1.01515834940831
1.00100150250438,1.00100150250438,"`hsa-miR-1185-2-3p13`",1.00100150250438
1.00100150250438,1.00100150250438,"`hsa-miR-1247-3p21`",1.00100150250438
1.00100150250438,1.00100150250438,"`hsa-miR-127-5p04`",1.00100150250438
1.00100150250438,1.00100150250438,"`hsa-miR-1306-3p50`",1.00100150250438
1.00100150250438,1.00100150250438,"`hsa-miR-140-3p97`",1.00100150250438
1.00100150250438,1.00100150250438,"`hsa-miR-146b-5p09`",1.00100150250438
1.00100150250438,1.00100150250438,"`hsa-miR-147b-3p28`",1.00100150250438
1.00100150250438,1.00100150250438,"`hsa-miR-151b14`",1.00100150250438
1.00100150250438,1.00100150250438,"`hsa-miR-15b-3p86`",1.00100150250438
1.00100150250438,1.00100150250438,"`hsa-miR-181a-2-3p58`",1.00100150250438
1.00100150250438,1.00100150250438,"`hsa-miR-182-5p59`",1.00100150250438
1.00100150250438,1.00100150250438,"`hsa-miR-190b-5p29`",1.00100150250438
1.00100150250438,1.00100150250438,"`hsa-miR-211033`",1.00100150250438
1.00100150250438,1.00100150250438,"`hsa-miR-26b-5p83`",1.00100150250438
1.00100150250438,1.00100150250438,"`hsa-miR-27a-3p84`",1.00100150250438
1.00100150250438,1.00100150250438,"`hsa-miR-30c-5p44`",1.00100150250438
1.00100150250438,1.00100150250438,"`hsa-miR-32-5p90`",1.00100150250438
1.00100150250438,1.00100150250438,"`hsa-miR-34b-5p85`",1.00100150250438
1.00100150250438,1.00100150250438,"`hsa-miR-362-5p05`",1.00100150250438
1.00100150250438,1.00100150250438,"`hsa-miR-3913-5p87`",1.00100150250438
1.00100150250438,1.00100150250438,"`hsa-miR-42139`",1.00100150250438
1.00100150250438,1.00100150250438,"`hsa-miR-442944`",1.00100150250438
1.00100150250438,1.00100150250438,"`hsa-miR-450a-2-3p74`",1.00100150250438
1.00100150250438,1.00100150250438,"`hsa-miR-4661-5p29`",1.00100150250438
1.00100150250438,1.00100150250438,"`hsa-miR-4668-5p45`",1.00100150250438
1.00100150250438,1.00100150250438,"`hsa-miR-467456`",1.00100150250438
1.00100150250438,1.00100150250438,"`hsa-miR-512-3p23`",1.00100150250438
1.00100150250438,1.00100150250438,"`hsa-miR-548ar-5p65`",1.00100150250438
1.00100150250438,1.00100150250438,"`hsa-miR-548av-3p04`",1.00100150250438
1.00100150250438,1.00100150250438,"`hsa-miR-582-5p47`",1.00100150250438
1.00100150250438,1.00100150250438,"`hsa-miR-612811`",1.00100150250438
1.00100150250438,1.00100150250438,"`hsa-miR-642a-5p12`",1.00100150250438
1.00100150250438,1.00100150250438,"`hsa-miR-6734-3p70`",1.00100150250438
1.00100150250438,1.00100150250438,"`hsa-miR-675-5p84`",1.00100150250438
1.00100150250438,1.00100150250438,"`hsa-miR-6839-5p80`",1.00100150250438
1.00100150250438,1.00100150250438,"`hsa-miR-7-2-3p54`",1.00100150250438
1.00100150250438,1.00100150250438,"`hsa-miR-758-3p79`",1.00100150250438
1.00100150250438,1.00100150250438,"`hsa-miR-92a-1-5p07`",1.00100150250438
1.00100150250438,1.00100150250438,"`hsa-miR-96-5p95`",1.00100150250438
1.00100150250438,1.00100150250438,"`hsa-miR-98-5p96`",1.00100150250438
0.992945887179228,0.992945887179228,"`hsa-miR-2467-5p52`",0.992945887179228
0.856755137401611,0.856755137401611,"`hsa-miR-486-3p62`",0.856755137401611
0.765005751008173,0.765005751008173,"`hsa-miR-301b-3p58`",0.765005751008173
0.724152283782602,0.724152283782602,"`hsa-miR-3614-5p92`",0.724152283782602
0.70852525158142,0.70852525158142,"`hsa-let-7b-5p63`",0.70852525158142
0.70852525158142,0.70852525158142,"`hsa-miR-320d64`",0.70852525158142
0.704174479400283,0.704174479400283,"`hsa-miR-203a-3p64`",0.704174479400283
0.701376046902044,0.701376046902044,"`hsa-miR-1247-5p99`",0.701376046902044
0.662422716834318,0.662422716834318,"`hsa-miR-373-3p26`",0.662422716834318
0.65103463856839,0.65103463856839,"`hsa-miR-769-3p87`",0.65103463856839
0.600504751492207,0.600504751492207,"`hsa-miR-485-5p75`",0.600504751492207
0.588995560184739,0.588995560184739,"`hsa-miR-570802`",0.588995560184739
0.500500751252191,0.500500751252191,"`hsa-let-7e-3p85`",0.500500751252191
0.500500751252191,0.500500751252191,"`hsa-miR-10a-3p55`",0.500500751252191
0.500500751252191,0.500500751252191,"`hsa-miR-127-3p46`",0.500500751252191
0.500500751252191,0.500500751252191,"`hsa-miR-1273h-5p15`",0.500500751252191
0.500500751252191,0.500500751252191,"`hsa-miR-132-5p94`",0.500500751252191
0.500500751252191,0.500500751252191,"`hsa-miR-140-5p31`",0.500500751252191
0.500500751252191,0.500500751252191,"`hsa-miR-146b-3p66`",0.500500751252191
0.500500751252191,0.500500751252191,"`hsa-miR-185-3p11`",0.500500751252191
0.500500751252191,0.500500751252191,"`hsa-miR-190a-3p82`",0.500500751252191
0.500500751252191,0.500500751252191,"`hsa-miR-191-5p40`",0.500500751252191
0.500500751252191,0.500500751252191,"`hsa-miR-19a-3p73`",0.500500751252191
0.500500751252191,0.500500751252191,"`hsa-miR-214-3p71`",0.500500751252191
0.500500751252191,0.500500751252191,"`hsa-miR-30d-5p45`",0.500500751252191
0.500500751252191,0.500500751252191,"`hsa-miR-319377`",0.500500751252191
0.500500751252191,0.500500751252191,"`hsa-miR-331-5p00`",0.500500751252191
0.500500751252191,0.500500751252191,"`hsa-miR-372-3p24`",0.500500751252191
0.500500751252191,0.500500751252191,"`hsa-miR-381-3p36`",0.500500751252191
0.500500751252191,0.500500751252191,"`hsa-miR-409-5p38`",0.500500751252191
0.500500751252191,0.500500751252191,"`hsa-miR-410-3p71`",0.500500751252191
0.500500751252191,0.500500751252191,"`hsa-miR-431-3p57`",0.500500751252191
0.500500751252191,0.500500751252191,"`hsa-miR-450845`",0.500500751252191
0.500500751252191,0.500500751252191,"`hsa-miR-450a-5p45`",0.500500751252191
0.500500751252191,0.500500751252191,"`hsa-miR-451047`",0.500500751252191
0.500500751252191,0.500500751252191,"`hsa-miR-467862`",0.500500751252191
0.500500751252191,0.500500751252191,"`hsa-miR-483-3p73`",0.500500751252191
0.500500751252191,0.500500751252191,"`hsa-miR-485-3p76`",0.500500751252191
0.500500751252191,0.500500751252191,"`hsa-miR-5006-3p34`",0.500500751252191
0.500500751252191,0.500500751252191,"`hsa-miR-520f-3p30`",0.500500751252191
0.500500751252191,0.500500751252191,"`hsa-miR-548d-5p12`",0.500500751252191
0.500500751252191,0.500500751252191,"`hsa-miR-548l89`",0.500500751252191
0.500500751252191,0.500500751252191,"`hsa-miR-569183`",0.500500751252191
0.500500751252191,0.500500751252191,"`hsa-miR-576-5p41`",0.500500751252191
0.500500751252191,0.500500751252191,"`hsa-miR-629-3p98`",0.500500751252191
0.500500751252191,0.500500751252191,"`hsa-miR-6504-5p64`",0.500500751252191
0.500500751252191,0.500500751252191,"`hsa-miR-6753-3p07`",0.500500751252191
0.500500751252191,0.500500751252191,"`hsa-miR-6838-3p79`",0.500500751252191
0.500500751252191,0.500500751252191,"`hsa-miR-758-5p29`",0.500500751252191
0.500500751252191,0.500500751252191,"`hsa-miR-7848-3p23`",0.500500751252191
0.500500751252191,0.500500751252191,"`hsa-miR-998563`",0.500500751252191
0.500500751252191,0.500500751252191,"`hsa-miR-99a-5p97`",0.500500751252191
0.37065258730177,0.37065258730177,"`hsa-let-7d-5p65`",0.37065258730177
0.361815033653417,0.361815033653417,"`hsa-miR-4728-3p50`",0.361815033653417
0.328981986244326,0.328981986244326,"`hsa-miR-425-5p93`",0.328981986244326
0.328872445212063,0.328872445212063,"`hsa-miR-548al24`",0.328872445212063
0.0640194894748781,0.0640194894748781,"`hsa-miR-519d-3p53`",0.0640194894748781
0,0,"`hsa-let-7a-2-3p95`",0
0,0,"`hsa-let-7a-3p81`",0
0,0,"`hsa-let-7b-3p82`",0
0,0,"`hsa-let-7c-3p72`",0
0,0,"`hsa-let-7c-5p64`",0
0,0,"`hsa-let-7d-3p84`",0
0,0,"`hsa-let-7e-5p66`",0
0,0,"`hsa-let-7f-1-3p86`",0
0,0,"`hsa-let-7f-2-3p87`",0
0,0,"`hsa-let-7f-5p67`",0
0,0,"`hsa-let-7i-3p85`",0
0,0,"`hsa-let-7i-5p15`",0
0,0,"`hsa-miR-1-3p16`",0
0,0,"`hsa-miR-100-3p12`",0
0,0,"`hsa-miR-100-5p98`",0
0,0,"`hsa-miR-101-2-5p12`",0
0,0,"`hsa-miR-101-3p99`",0
0,0,"`hsa-miR-101-5p13`",0
0,0,"`hsa-miR-10392-5p15`",0
0,0,"`hsa-miR-10393-3p18`",0
0,0,"`hsa-miR-10393-5p17`",0
0,0,"`hsa-miR-10394-3p20`",0
0,0,"`hsa-miR-10394-5p19`",0
0,0,"`hsa-miR-10395-3p22`",0
0,0,"`hsa-miR-10395-5p21`",0
0,0,"`hsa-miR-10396a-3p24`",0
0,0,"`hsa-miR-10396a-5p23`",0
0,0,"`hsa-miR-10396b-3p36`",0
0,0,"`hsa-miR-10396b-5p35`",0
0,0,"`hsa-miR-10397-3p26`",0
0,0,"`hsa-miR-10399-3p30`",0
0,0,"`hsa-miR-10399-5p29`",0
0,0,"`hsa-miR-103a-2-5p96`",0
0,0,"`hsa-miR-103a-3p01`",0
0,0,"`hsa-miR-10401-3p34`",0
0,0,"`hsa-miR-105-5p02`",0
0,0,"`hsa-miR-10527-5p97`",0
0,0,"`hsa-miR-106a-3p17`",0
0,0,"`hsa-miR-106b-5p80`",0
0,0,"`hsa-miR-10704`",0
0,0,"`hsa-miR-10a-5p53`",0
0,0,"`hsa-miR-10b-3p56`",0
0,0,"`hsa-miR-1140057`",0
0,0,"`hsa-miR-117924`",0
0,0,"`hsa-miR-1180-3p25`",0
0,0,"`hsa-miR-1180-5p35`",0
0,0,"`hsa-miR-118227`",0
0,0,"`hsa-miR-1185-1-3p38`",0
0,0,"`hsa-miR-1185-5p98`",0
0,0,"`hsa-miR-119755`",0
0,0,"`hsa-miR-1211408`",0
0,0,"`hsa-miR-1212519`",0
0,0,"`hsa-miR-1212923`",0
0,0,"`hsa-miR-1213327`",0
0,0,"`hsa-miR-1213531`",0
0,0,"`hsa-miR-1224-3p59`",0
0,0,"`hsa-miR-1224-5p58`",0
0,0,"`hsa-miR-1225-3p73`",0
0,0,"`hsa-miR-1226-3p77`",0
0,0,"`hsa-miR-1226-5p76`",0
0,0,"`hsa-miR-1227-3p80`",0
0,0,"`hsa-miR-1228-3p83`",0
0,0,"`hsa-miR-1229-3p84`",0
0,0,"`hsa-miR-122b-5p76`",0
0,0,"`hsa-miR-1233-3p88`",0
0,0,"`hsa-miR-1234-3p89`",0
0,0,"`hsa-miR-1236-3p91`",0
0,0,"`hsa-miR-1237-3p92`",0
0,0,"`hsa-miR-124-3p22`",0
0,0,"`hsa-miR-124394`",0
0,0,"`hsa-miR-124496`",0
0,0,"`hsa-miR-1245b-3p51`",0
0,0,"`hsa-miR-1245b-5p50`",0
0,0,"`hsa-miR-124698`",0
0,0,"`hsa-miR-124800`",0
0,0,"`hsa-miR-1249-3p01`",0
0,0,"`hsa-miR-1249-5p29`",0
0,0,"`hsa-miR-1250-5p02`",0
0,0,"`hsa-miR-1252-5p44`",0
0,0,"`hsa-miR-1255a06`",0
0,0,"`hsa-miR-1255b-5p45`",0
0,0,"`hsa-miR-125607`",0
0,0,"`hsa-miR-125809`",0
0,0,"`hsa-miR-125a-5p43`",0
0,0,"`hsa-miR-125b-1-3p92`",0
0,0,"`hsa-miR-125b-5p23`",0
0,0,"`hsa-miR-126-3p45`",0
0,0,"`hsa-miR-126-5p44`",0
0,0,"`hsa-miR-1260a11`",0
0,0,"`hsa-miR-126214`",0
0,0,"`hsa-miR-1266-5p20`",0
0,0,"`hsa-miR-126721`",0
0,0,"`hsa-miR-1268a22`",0
0,0,"`hsa-miR-1268b25`",0
0,0,"`hsa-miR-127024`",0
0,0,"`hsa-miR-1271-3p12`",0
0,0,"`hsa-miR-1273h-3p16`",0
0,0,"`hsa-miR-127529`",0
0,0,"`hsa-miR-127630`",0
0,0,"`hsa-miR-1277-5p24`",0
0,0,"`hsa-miR-127836`",0
0,0,"`hsa-miR-128399`",0
0,0,"`hsa-miR-128441`",0
0,0,"`hsa-miR-1285-5p19`",0
0,0,"`hsa-miR-128677`",0
0,0,"`hsa-miR-1287-3p38`",0
0,0,"`hsa-miR-1287-5p78`",0
0,0,"`hsa-miR-1288-3p42`",0
0,0,"`hsa-miR-1288-5p43`",0
0,0,"`hsa-miR-128979`",0
0,0,"`hsa-miR-129-1-3p48`",0
0,0,"`hsa-miR-129-2-3p05`",0
0,0,"`hsa-miR-129-5p42`",0
0,0,"`hsa-miR-129080`",0
0,0,"`hsa-miR-129181`",0
0,0,"`hsa-miR-1292-3p48`",0
0,0,"`hsa-miR-1292-5p43`",0
0,0,"`hsa-miR-129484`",0
0,0,"`hsa-miR-1295a85`",0
0,0,"`hsa-miR-1295b-3p94`",0
0,0,"`hsa-miR-1295b-5p93`",0
0,0,"`hsa-miR-1296-3p37`",0
0,0,"`hsa-miR-1296-5p94`",0
0,0,"`hsa-miR-1298-3p41`",0
0,0,"`hsa-miR-1298-5p00`",0
0,0,"`hsa-miR-129987`",0
0,0,"`hsa-miR-1301-3p97`",0
0,0,"`hsa-miR-130391`",0
0,0,"`hsa-miR-1304-3p20`",0
0,0,"`hsa-miR-1304-5p92`",0
0,0,"`hsa-miR-130593`",0
0,0,"`hsa-miR-1306-5p26`",0
0,0,"`hsa-miR-1307-5p27`",0
0,0,"`hsa-miR-130a-3p25`",0
0,0,"`hsa-miR-130a-5p93`",0
0,0,"`hsa-miR-130b-5p80`",0
0,0,"`hsa-miR-132-3p26`",0
0,0,"`hsa-miR-132253`",0
0,0,"`hsa-miR-132395`",0
0,0,"`hsa-miR-133a-3p27`",0
0,0,"`hsa-miR-133a-5p78`",0
0,0,"`hsa-miR-134-5p47`",0
0,0,"`hsa-miR-1343-3p76`",0
0,0,"`hsa-miR-135a-3p95`",0
0,0,"`hsa-miR-135a-5p28`",0
0,0,"`hsa-miR-135b-5p58`",0
0,0,"`hsa-miR-136-3p06`",0
0,0,"`hsa-miR-136-5p48`",0
0,0,"`hsa-miR-137-3p29`",0
0,0,"`hsa-miR-138-5p30`",0
0,0,"`hsa-miR-139-3p52`",0
0,0,"`hsa-miR-139-5p50`",0
0,0,"`hsa-miR-141-3p32`",0
0,0,"`hsa-miR-141-5p98`",0
0,0,"`hsa-miR-142-3p34`",0
0,0,"`hsa-miR-142-5p33`",0
0,0,"`hsa-miR-143-3p35`",0
0,0,"`hsa-miR-143-5p99`",0
0,0,"`hsa-miR-145-3p01`",0
0,0,"`hsa-miR-146947`",0
0,0,"`hsa-miR-146a-3p08`",0
0,0,"`hsa-miR-146a-5p49`",0
0,0,"`hsa-miR-147b-5p31`",0
0,0,"`hsa-miR-148a-3p43`",0
0,0,"`hsa-miR-148b-5p99`",0
0,0,"`hsa-miR-149-5p50`",0
0,0,"`hsa-miR-150-5p51`",0
0,0,"`hsa-miR-152-3p38`",0
0,0,"`hsa-miR-152-5p79`",0
0,0,"`hsa-miR-153-3p39`",0
0,0,"`hsa-miR-153-5p80`",0
0,0,"`hsa-miR-1537-3p99`",0
0,0,"`hsa-miR-1537-5p65`",0
0,0,"`hsa-miR-153800`",0
0,0,"`hsa-miR-154-3p53`",0
0,0,"`hsa-miR-154-5p52`",0
0,0,"`hsa-miR-155-3p58`",0
0,0,"`hsa-miR-155-5p46`",0
0,0,"`hsa-miR-158777`",0
0,0,"`hsa-miR-15a-3p88`",0
0,0,"`hsa-miR-16-5p69`",0
0,0,"`hsa-miR-17-3p71`",0
0,0,"`hsa-miR-181a-3p70`",0
0,0,"`hsa-miR-181a-5p56`",0
0,0,"`hsa-miR-181b-2-3p93`",0
0,0,"`hsa-miR-181b-3p92`",0
0,0,"`hsa-miR-181b-5p57`",0
0,0,"`hsa-miR-181c-3p59`",0
0,0,"`hsa-miR-181c-5p58`",0
0,0,"`hsa-miR-181d-3p08`",0
0,0,"`hsa-miR-181d-5p21`",0
0,0,"`hsa-miR-182-3p60`",0
0,0,"`hsa-miR-183-5p61`",0
0,0,"`hsa-miR-184364`",0
0,0,"`hsa-miR-18454`",0
0,0,"`hsa-miR-185-5p55`",0
0,0,"`hsa-miR-186-3p12`",0
0,0,"`hsa-miR-187-3p62`",0
0,0,"`hsa-miR-188-3p13`",0
0,0,"`hsa-miR-188-5p57`",0
0,0,"`hsa-miR-18a-3p91`",0
0,0,"`hsa-miR-18a-5p72`",0
0,0,"`hsa-miR-18b-3p51`",0
0,0,"`hsa-miR-18b-5p12`",0
0,0,"`hsa-miR-1908-3p16`",0
0,0,"`hsa-miR-1908-5p81`",0
0,0,"`hsa-miR-190a-5p58`",0
0,0,"`hsa-miR-191-3p18`",0
0,0,"`hsa-miR-1910-5p84`",0
0,0,"`hsa-miR-1914-5p89`",0
0,0,"`hsa-miR-192-3p43`",0
0,0,"`hsa-miR-192-5p22`",0
0,0,"`hsa-miR-193a-3p59`",0
0,0,"`hsa-miR-193a-5p14`",0
0,0,"`hsa-miR-193b-3p19`",0
0,0,"`hsa-miR-193b-5p67`",0
0,0,"`hsa-miR-195-3p15`",0
0,0,"`hsa-miR-195-5p61`",0
0,0,"`hsa-miR-196a-1-3p07`",0
0,0,"`hsa-miR-196a-3p62`",0
0,0,"`hsa-miR-196a-5p26`",0
0,0,"`hsa-miR-196b-3p01`",0
0,0,"`hsa-miR-197-3p27`",0
0,0,"`hsa-miR-197-5p91`",0
0,0,"`hsa-miR-197247`",0
0,0,"`hsa-miR-197348`",0
0,0,"`hsa-miR-197651`",0
0,0,"`hsa-miR-199a-3p32`",0
0,0,"`hsa-miR-199a-5p31`",0
0,0,"`hsa-miR-199b-3p63`",0
0,0,"`hsa-miR-199b-5p63`",0
0,0,"`hsa-miR-19a-5p90`",0
0,0,"`hsa-miR-19b-1-5p91`",0
0,0,"`hsa-miR-19b-3p74`",0
0,0,"`hsa-miR-200a-5p20`",0
0,0,"`hsa-miR-200b-3p18`",0
0,0,"`hsa-miR-200b-5p71`",0
0,0,"`hsa-miR-200c-3p17`",0
0,0,"`hsa-miR-202-3p11`",0
0,0,"`hsa-miR-202-5p10`",0
0,0,"`hsa-miR-203a-5p90`",0
0,0,"`hsa-miR-203b-3p14`",0
0,0,"`hsa-miR-204-3p93`",0
0,0,"`hsa-miR-204-5p65`",0
0,0,"`hsa-miR-205-5p66`",0
0,0,"`hsa-miR-20a-3p93`",0
0,0,"`hsa-miR-20b-3p52`",0
0,0,"`hsa-miR-20b-5p13`",0
0,0,"`hsa-miR-21-3p94`",0
0,0,"`hsa-miR-210-5p75`",0
0,0,"`hsa-miR-211-3p94`",0
0,0,"`hsa-miR-211-5p68`",0
0,0,"`hsa-miR-2114-3p57`",0
0,0,"`hsa-miR-2114-5p56`",0
0,0,"`hsa-miR-2115-3p59`",0
0,0,"`hsa-miR-2115-5p58`",0
0,0,"`hsa-miR-2116-3p61`",0
0,0,"`hsa-miR-2116-5p60`",0
0,0,"`hsa-miR-212-3p69`",0
0,0,"`hsa-miR-212-5p95`",0
0,0,"`hsa-miR-215-3p76`",0
0,0,"`hsa-miR-216a-3p44`",0
0,0,"`hsa-miR-216a-5p73`",0
0,0,"`hsa-miR-217-3p08`",0
0,0,"`hsa-miR-217-5p74`",0
0,0,"`hsa-miR-218-1-3p65`",0
0,0,"`hsa-miR-218-2-3p66`",0
0,0,"`hsa-miR-218-5p75`",0
0,0,"`hsa-miR-219a-1-3p67`",0
0,0,"`hsa-miR-219a-5p76`",0
0,0,"`hsa-miR-219b-3p48`",0
0,0,"`hsa-miR-219b-5p47`",0
0,0,"`hsa-miR-22-5p95`",0
0,0,"`hsa-miR-221-3p78`",0
0,0,"`hsa-miR-221-5p68`",0
0,0,"`hsa-miR-222-3p79`",0
0,0,"`hsa-miR-222-5p69`",0
0,0,"`hsa-miR-223-3p80`",0
0,0,"`hsa-miR-223-5p70`",0
0,0,"`hsa-miR-224-3p98`",0
0,0,"`hsa-miR-224-5p81`",0
0,0,"`hsa-miR-2276-5p21`",0
0,0,"`hsa-miR-2277-3p77`",0
0,0,"`hsa-miR-227878`",0
0,0,"`hsa-miR-2355-5p95`",0
0,0,"`hsa-miR-23a-3p78`",0
0,0,"`hsa-miR-23a-5p96`",0
0,0,"`hsa-miR-23b-3p18`",0
0,0,"`hsa-miR-23b-5p87`",0
0,0,"`hsa-miR-23c00`",0
0,0,"`hsa-miR-24-2-5p97`",0
0,0,"`hsa-miR-24-3p80`",0
0,0,"`hsa-miR-25-3p81`",0
0,0,"`hsa-miR-25-5p98`",0
0,0,"`hsa-miR-2681-3p16`",0
0,0,"`hsa-miR-2682-5p17`",0
0,0,"`hsa-miR-26a-1-3p99`",0
0,0,"`hsa-miR-26a-2-3p81`",0
0,0,"`hsa-miR-26a-5p82`",0
0,0,"`hsa-miR-26b-3p00`",0
0,0,"`hsa-miR-27a-5p01`",0
0,0,"`hsa-miR-27b-3p19`",0
0,0,"`hsa-miR-27b-5p88`",0
0,0,"`hsa-miR-28-3p02`",0
0,0,"`hsa-miR-296-5p90`",0
0,0,"`hsa-miR-299-3p87`",0
0,0,"`hsa-miR-29a-3p86`",0
0,0,"`hsa-miR-29b-1-5p14`",0
0,0,"`hsa-miR-29b-2-5p15`",0
0,0,"`hsa-miR-29b-3p00`",0
0,0,"`hsa-miR-29c-3p81`",0
0,0,"`hsa-miR-29c-5p73`",0
0,0,"`hsa-miR-301a-5p96`",0
0,0,"`hsa-miR-301b-5p26`",0
0,0,"`hsa-miR-302a-3p84`",0
0,0,"`hsa-miR-302a-5p83`",0
0,0,"`hsa-miR-302b-3p15`",0
0,0,"`hsa-miR-302c-3p17`",0
0,0,"`hsa-miR-3059-5p33`",0
0,0,"`hsa-miR-3064-3p65`",0
0,0,"`hsa-miR-3064-5p64`",0
0,0,"`hsa-miR-3065-3p78`",0
0,0,"`hsa-miR-3065-5p66`",0
0,0,"`hsa-miR-3074-3p27`",0
0,0,"`hsa-miR-3085-3p36`",0
0,0,"`hsa-miR-3085-5p35`",0
0,0,"`hsa-miR-30b-3p89`",0
0,0,"`hsa-miR-30c-1-3p74`",0
0,0,"`hsa-miR-30d-3p51`",0
0,0,"`hsa-miR-30e-3p93`",0
0,0,"`hsa-miR-30e-5p92`",0
0,0,"`hsa-miR-31-3p04`",0
0,0,"`hsa-miR-31-5p89`",0
0,0,"`hsa-miR-311678`",0
0,0,"`hsa-miR-3117-3p79`",0
0,0,"`hsa-miR-311880`",0
0,0,"`hsa-miR-3120-3p82`",0
0,0,"`hsa-miR-3120-5p98`",0
0,0,"`hsa-miR-3121-3p83`",0
0,0,"`hsa-miR-312284`",0
0,0,"`hsa-miR-3124-3p00`",0
0,0,"`hsa-miR-3124-5p86`",0
0,0,"`hsa-miR-312588`",0
0,0,"`hsa-miR-3126-3p77`",0
0,0,"`hsa-miR-3126-5p89`",0
0,0,"`hsa-miR-3127-3p01`",0
0,0,"`hsa-miR-3127-5p90`",0
0,0,"`hsa-miR-312891`",0
0,0,"`hsa-miR-3129-3p02`",0
0,0,"`hsa-miR-3129-5p92`",0
0,0,"`hsa-miR-3130-3p94`",0
0,0,"`hsa-miR-313196`",0
0,0,"`hsa-miR-313398`",0
0,0,"`hsa-miR-313400`",0
0,0,"`hsa-miR-3135a01`",0
0,0,"`hsa-miR-3135b85`",0
0,0,"`hsa-miR-3136-5p03`",0
0,0,"`hsa-miR-313806`",0
0,0,"`hsa-miR-313907`",0
0,0,"`hsa-miR-3140-3p08`",0
0,0,"`hsa-miR-3144-3p15`",0
0,0,"`hsa-miR-3144-5p14`",0
0,0,"`hsa-miR-3145-3p16`",0
0,0,"`hsa-miR-3145-5p05`",0
0,0,"`hsa-miR-314618`",0
0,0,"`hsa-miR-314922`",0
0,0,"`hsa-miR-3150a-3p23`",0
0,0,"`hsa-miR-3150a-5p06`",0
0,0,"`hsa-miR-3152-5p07`",0
0,0,"`hsa-miR-315428`",0
0,0,"`hsa-miR-3155a29`",0
0,0,"`hsa-miR-3155b12`",0
0,0,"`hsa-miR-3157-3p10`",0
0,0,"`hsa-miR-3157-5p31`",0
0,0,"`hsa-miR-3158-5p11`",0
0,0,"`hsa-miR-315933`",0
0,0,"`hsa-miR-3160-3p34`",0
0,0,"`hsa-miR-316135`",0
0,0,"`hsa-miR-316438`",0
0,0,"`hsa-miR-316539`",0
0,0,"`hsa-miR-316640`",0
0,0,"`hsa-miR-316742`",0
0,0,"`hsa-miR-316843`",0
0,0,"`hsa-miR-317045`",0
0,0,"`hsa-miR-3173-3p48`",0
0,0,"`hsa-miR-3173-5p14`",0
0,0,"`hsa-miR-317451`",0
0,0,"`hsa-miR-317552`",0
0,0,"`hsa-miR-317653`",0
0,0,"`hsa-miR-3177-3p54`",0
0,0,"`hsa-miR-317956`",0
0,0,"`hsa-miR-3180-3p58`",0
0,0,"`hsa-miR-3180-5p57`",0
0,0,"`hsa-miR-318078`",0
0,0,"`hsa-miR-318262`",0
0,0,"`hsa-miR-318363`",0
0,0,"`hsa-miR-3187-3p69`",0
0,0,"`hsa-miR-3187-5p16`",0
0,0,"`hsa-miR-318870`",0
0,0,"`hsa-miR-3190-3p39`",0
0,0,"`hsa-miR-3191-3p75`",0
0,0,"`hsa-miR-3192-3p27`",0
0,0,"`hsa-miR-3192-5p76`",0
0,0,"`hsa-miR-3194-3p18`",0
0,0,"`hsa-miR-319680`",0
0,0,"`hsa-miR-319984`",0
0,0,"`hsa-miR-32-3p05`",0
0,0,"`hsa-miR-3200-3p85`",0
0,0,"`hsa-miR-3200-5p92`",0
0,0,"`hsa-miR-320289`",0
0,0,"`hsa-miR-320a-3p10`",0
0,0,"`hsa-miR-320a-5p11`",0
0,0,"`hsa-miR-320b92`",0
0,0,"`hsa-miR-320c93`",0
0,0,"`hsa-miR-320e72`",0
0,0,"`hsa-miR-323a-3p55`",0
0,0,"`hsa-miR-323a-5p96`",0
0,0,"`hsa-miR-324-3p62`",0
0,0,"`hsa-miR-324-5p61`",0
0,0,"`hsa-miR-32656`",0
0,0,"`hsa-miR-328-3p52`",0
0,0,"`hsa-miR-329-3p29`",0
0,0,"`hsa-miR-329-5p55`",0
0,0,"`hsa-miR-330-3p51`",0
0,0,"`hsa-miR-330-5p93`",0
0,0,"`hsa-miR-331-3p60`",0
0,0,"`hsa-miR-335-3p03`",0
0,0,"`hsa-miR-335-5p65`",0
0,0,"`hsa-miR-337-3p54`",0
0,0,"`hsa-miR-337-5p95`",0
0,0,"`hsa-miR-338-3p63`",0
0,0,"`hsa-miR-338-5p01`",0
0,0,"`hsa-miR-339-3p02`",0
0,0,"`hsa-miR-339-5p64`",0
0,0,"`hsa-miR-33a-3p06`",0
0,0,"`hsa-miR-33a-5p91`",0
0,0,"`hsa-miR-33b-3p11`",0
0,0,"`hsa-miR-33b-5p01`",0
0,0,"`hsa-miR-340-3p50`",0
0,0,"`hsa-miR-340-5p92`",0
0,0,"`hsa-miR-342-3p53`",0
0,0,"`hsa-miR-342-5p94`",0
0,0,"`hsa-miR-345-3p98`",0
0,0,"`hsa-miR-345-5p72`",0
0,0,"`hsa-miR-34a-3p57`",0
0,0,"`hsa-miR-34a-5p55`",0
0,0,"`hsa-miR-34b-3p76`",0
0,0,"`hsa-miR-34c-3p77`",0
0,0,"`hsa-miR-34c-5p86`",0
0,0,"`hsa-miR-3605-3p82`",0
0,0,"`hsa-miR-3605-5p81`",0
0,0,"`hsa-miR-3606-3p65`",0
0,0,"`hsa-miR-3606-5p83`",0
0,0,"`hsa-miR-360986`",0
0,0,"`hsa-miR-361-3p82`",0
0,0,"`hsa-miR-361-5p03`",0
0,0,"`hsa-miR-361087`",0
0,0,"`hsa-miR-361188`",0
0,0,"`hsa-miR-361289`",0
0,0,"`hsa-miR-3613-3p91`",0
0,0,"`hsa-miR-3613-5p90`",0
0,0,"`hsa-miR-3614-3p93`",0
0,0,"`hsa-miR-361594`",0
0,0,"`hsa-miR-3617-5p97`",0
0,0,"`hsa-miR-3619-5p99`",0
0,0,"`hsa-miR-362-3p83`",0
0,0,"`hsa-miR-3620-5p67`",0
0,0,"`hsa-miR-3622a-3p04`",0
0,0,"`hsa-miR-3622a-5p03`",0
0,0,"`hsa-miR-3622b-5p05`",0
0,0,"`hsa-miR-363-5p85`",0
0,0,"`hsa-miR-364868`",0
0,0,"`hsa-miR-365171`",0
0,0,"`hsa-miR-365272`",0
0,0,"`hsa-miR-365474`",0
0,0,"`hsa-miR-365777`",0
0,0,"`hsa-miR-365a-3p10`",0
0,0,"`hsa-miR-365a-5p99`",0
0,0,"`hsa-miR-365b-3p34`",0
0,0,"`hsa-miR-365b-5p33`",0
0,0,"`hsa-miR-366081`",0
0,0,"`hsa-miR-366182`",0
0,0,"`hsa-miR-366283`",0
0,0,"`hsa-miR-3667-3p90`",0
0,0,"`hsa-miR-3667-5p89`",0
0,0,"`hsa-miR-367497`",0
0,0,"`hsa-miR-3675-3p99`",0
0,0,"`hsa-miR-3675-5p98`",0
0,0,"`hsa-miR-3679-3p05`",0
0,0,"`hsa-miR-3679-5p04`",0
0,0,"`hsa-miR-3680-3p07`",0
0,0,"`hsa-miR-3681-5p08`",0
0,0,"`hsa-miR-3682-3p10`",0
0,0,"`hsa-miR-3682-5p22`",0
0,0,"`hsa-miR-368311`",0
0,0,"`hsa-miR-368412`",0
0,0,"`hsa-miR-368513`",0
0,0,"`hsa-miR-3688-3p16`",0
0,0,"`hsa-miR-369-3p21`",0
0,0,"`hsa-miR-369-5p21`",0
0,0,"`hsa-miR-369019`",0
0,0,"`hsa-miR-3691-3p24`",0
0,0,"`hsa-miR-3691-5p20`",0
0,0,"`hsa-miR-370-3p22`",0
0,0,"`hsa-miR-370-5p83`",0
0,0,"`hsa-miR-371a-3p23`",0
0,0,"`hsa-miR-371a-5p87`",0
0,0,"`hsa-miR-371b-5p92`",0
0,0,"`hsa-miR-374a-3p88`",0
0,0,"`hsa-miR-374a-5p27`",0
0,0,"`hsa-miR-374b-3p56`",0
0,0,"`hsa-miR-374b-5p55`",0
0,0,"`hsa-miR-374c-5p43`",0
0,0,"`hsa-miR-375-3p28`",0
0,0,"`hsa-miR-376a-2-5p28`",0
0,0,"`hsa-miR-376a-3p29`",0
0,0,"`hsa-miR-376b-3p72`",0
0,0,"`hsa-miR-376b-5p23`",0
0,0,"`hsa-miR-376c-3p20`",0
0,0,"`hsa-miR-376c-5p61`",0
0,0,"`hsa-miR-377-3p30`",0
0,0,"`hsa-miR-377-5p89`",0
0,0,"`hsa-miR-378a-5p31`",0
0,0,"`hsa-miR-378b99`",0
0,0,"`hsa-miR-378c47`",0
0,0,"`hsa-miR-378d26`",0
0,0,"`hsa-miR-378e27`",0
0,0,"`hsa-miR-378f32`",0
0,0,"`hsa-miR-378g37`",0
0,0,"`hsa-miR-378h84`",0
0,0,"`hsa-miR-378j12`",0
0,0,"`hsa-miR-379-3p90`",0
0,0,"`hsa-miR-379-5p33`",0
0,0,"`hsa-miR-380-3p35`",0
0,0,"`hsa-miR-380-5p34`",0
0,0,"`hsa-miR-381-5p62`",0
0,0,"`hsa-miR-382-3p97`",0
0,0,"`hsa-miR-383-3p85`",0
0,0,"`hsa-miR-383-5p38`",0
0,0,"`hsa-miR-390779`",0
0,0,"`hsa-miR-390983`",0
0,0,"`hsa-miR-391084`",0
0,0,"`hsa-miR-391185`",0
0,0,"`hsa-miR-3912-5p36`",0
0,0,"`hsa-miR-3913-3p25`",0
0,0,"`hsa-miR-391589`",0
0,0,"`hsa-miR-391690`",0
0,0,"`hsa-miR-391791`",0
0,0,"`hsa-miR-392095`",0
0,0,"`hsa-miR-392196`",0
0,0,"`hsa-miR-392398`",0
0,0,"`hsa-miR-393651`",0
0,0,"`hsa-miR-393752`",0
0,0,"`hsa-miR-393853`",0
0,0,"`hsa-miR-393955`",0
0,0,"`hsa-miR-3940-3p56`",0
0,0,"`hsa-miR-3942-3p30`",0
0,0,"`hsa-miR-3942-5p58`",0
0,0,"`hsa-miR-394359`",0
0,0,"`hsa-miR-3944-3p60`",0
0,0,"`hsa-miR-3944-5p31`",0
0,0,"`hsa-miR-397358`",0
0,0,"`hsa-miR-410-5p58`",0
0,0,"`hsa-miR-411-3p13`",0
0,0,"`hsa-miR-411-5p29`",0
0,0,"`hsa-miR-412-5p57`",0
0,0,"`hsa-miR-423-3p40`",0
0,0,"`hsa-miR-423-5p48`",0
0,0,"`hsa-miR-424-3p49`",0
0,0,"`hsa-miR-424-5p41`",0
0,0,"`hsa-miR-425-3p43`",0
0,0,"`hsa-miR-428415`",0
0,0,"`hsa-miR-42936`",0
0,0,"`hsa-miR-431-5p25`",0
0,0,"`hsa-miR-431566`",0
0,0,"`hsa-miR-432-3p15`",0
0,0,"`hsa-miR-432-5p14`",0
0,0,"`hsa-miR-432375`",0
0,0,"`hsa-miR-432476`",0
0,0,"`hsa-miR-432688`",0
0,0,"`hsa-miR-432826`",0
0,0,"`hsa-miR-433-3p27`",0
0,0,"`hsa-miR-433-5p54`",0
0,0,"`hsa-miR-442134`",0
0,0,"`hsa-miR-442235`",0
0,0,"`hsa-miR-4423-3p36`",0
0,0,"`hsa-miR-4423-5p32`",0
0,0,"`hsa-miR-442439`",0
0,0,"`hsa-miR-442742`",0
0,0,"`hsa-miR-443045`",0
0,0,"`hsa-miR-4433a-5p56`",0
0,0,"`hsa-miR-4433b-3p14`",0
0,0,"`hsa-miR-4433b-5p13`",0
0,0,"`hsa-miR-443551`",0
0,0,"`hsa-miR-4436b-3p41`",0
0,0,"`hsa-miR-4436b-5p40`",0
0,0,"`hsa-miR-443753`",0
0,0,"`hsa-miR-444058`",0
0,0,"`hsa-miR-444462`",0
0,0,"`hsa-miR-4446-5p33`",0
0,0,"`hsa-miR-444867`",0
0,0,"`hsa-miR-444968`",0
0,0,"`hsa-miR-445173`",0
0,0,"`hsa-miR-445274`",0
0,0,"`hsa-miR-445476`",0
0,0,"`hsa-miR-446794`",0
0,0,"`hsa-miR-447300`",0
0,0,"`hsa-miR-4474-3p01`",0
0,0,"`hsa-miR-4477a04`",0
0,0,"`hsa-miR-4477b05`",0
0,0,"`hsa-miR-447806`",0
0,0,"`hsa-miR-447911`",0
0,0,"`hsa-miR-448418`",0
0,0,"`hsa-miR-4485-3p19`",0
0,0,"`hsa-miR-4485-5p16`",0
0,0,"`hsa-miR-448822`",0
0,0,"`hsa-miR-448923`",0
0,0,"`hsa-miR-449126`",0
0,0,"`hsa-miR-449227`",0
0,0,"`hsa-miR-449631`",0
0,0,"`hsa-miR-449833`",0
0,0,"`hsa-miR-449a41`",0
0,0,"`hsa-miR-449b-3p03`",0
0,0,"`hsa-miR-449b-5p27`",0
0,0,"`hsa-miR-449c-5p51`",0
0,0,"`hsa-miR-450036`",0
0,0,"`hsa-miR-450339`",0
0,0,"`hsa-miR-450440`",0
0,0,"`hsa-miR-450541`",0
0,0,"`hsa-miR-450744`",0
0,0,"`hsa-miR-450b-5p09`",0
0,0,"`hsa-miR-451148`",0
0,0,"`hsa-miR-451249`",0
0,0,"`hsa-miR-451552`",0
0,0,"`hsa-miR-451653`",0
0,0,"`hsa-miR-451754`",0
0,0,"`hsa-miR-451956`",0
0,0,"`hsa-miR-451a31`",0
0,0,"`hsa-miR-451b40`",0
0,0,"`hsa-miR-452-5p35`",0
0,0,"`hsa-miR-4520-2-3p00`",0
0,0,"`hsa-miR-4520-3p57`",0
0,0,"`hsa-miR-452158`",0
0,0,"`hsa-miR-452260`",0
0,0,"`hsa-miR-452361`",0
0,0,"`hsa-miR-4524a-3p63`",0
0,0,"`hsa-miR-4524a-5p62`",0
0,0,"`hsa-miR-452665`",0
0,0,"`hsa-miR-452766`",0
0,0,"`hsa-miR-4529-5p36`",0
0,0,"`hsa-miR-4536-3p59`",0
0,0,"`hsa-miR-4536-5p78`",0
0,0,"`hsa-miR-454-3p85`",0
0,0,"`hsa-miR-454-5p84`",0
0,0,"`hsa-miR-455-3p84`",0
0,0,"`hsa-miR-455-5p50`",0
0,0,"`hsa-miR-4632-3p88`",0
0,0,"`hsa-miR-4633-3p90`",0
0,0,"`hsa-miR-463491`",0
0,0,"`hsa-miR-463592`",0
0,0,"`hsa-miR-463693`",0
0,0,"`hsa-miR-463794`",0
0,0,"`hsa-miR-4638-3p96`",0
0,0,"`hsa-miR-4638-5p95`",0
0,0,"`hsa-miR-4639-5p97`",0
0,0,"`hsa-miR-4640-3p00`",0
0,0,"`hsa-miR-4640-5p99`",0
0,0,"`hsa-miR-464101`",0
0,0,"`hsa-miR-464202`",0
0,0,"`hsa-miR-464404`",0
0,0,"`hsa-miR-4645-3p06`",0
0,0,"`hsa-miR-4645-5p05`",0
0,0,"`hsa-miR-4646-3p08`",0
0,0,"`hsa-miR-4646-5p07`",0
0,0,"`hsa-miR-464709`",0
0,0,"`hsa-miR-464810`",0
0,0,"`hsa-miR-4649-3p12`",0
0,0,"`hsa-miR-4649-5p11`",0
0,0,"`hsa-miR-4653-3p19`",0
0,0,"`hsa-miR-465420`",0
0,0,"`hsa-miR-465724`",0
0,0,"`hsa-miR-465825`",0
0,0,"`hsa-miR-4659a-3p27`",0
0,0,"`hsa-miR-4659a-5p26`",0
0,0,"`hsa-miR-4659b-5p33`",0
0,0,"`hsa-miR-466028`",0
0,0,"`hsa-miR-4662a-3p32`",0
0,0,"`hsa-miR-4662b36`",0
0,0,"`hsa-miR-4664-3p38`",0
0,0,"`hsa-miR-4665-5p39`",0
0,0,"`hsa-miR-4667-5p43`",0
0,0,"`hsa-miR-466949`",0
0,0,"`hsa-miR-4670-5p50`",0
0,0,"`hsa-miR-4671-3p53`",0
0,0,"`hsa-miR-4671-5p52`",0
0,0,"`hsa-miR-467254`",0
0,0,"`hsa-miR-467355`",0
0,0,"`hsa-miR-4676-3p59`",0
0,0,"`hsa-miR-4677-3p61`",0
0,0,"`hsa-miR-4677-5p60`",0
0,0,"`hsa-miR-4680-3p65`",0
0,0,"`hsa-miR-468166`",0
0,0,"`hsa-miR-468368`",0
0,0,"`hsa-miR-4684-3p70`",0
0,0,"`hsa-miR-4685-3p72`",0
0,0,"`hsa-miR-4687-3p75`",0
0,0,"`hsa-miR-468877`",0
0,0,"`hsa-miR-4690-3p80`",0
0,0,"`hsa-miR-4691-3p82`",0
0,0,"`hsa-miR-4695-3p89`",0
0,0,"`hsa-miR-4695-5p88`",0
0,0,"`hsa-miR-4699-3p95`",0
0,0,"`hsa-miR-4700-3p97`",0
0,0,"`hsa-miR-4701-5p98`",0
0,0,"`hsa-miR-4703-3p02`",0
0,0,"`hsa-miR-470505`",0
0,0,"`hsa-miR-4707-3p08`",0
0,0,"`hsa-miR-4707-5p07`",0
0,0,"`hsa-miR-4708-3p10`",0
0,0,"`hsa-miR-4708-5p09`",0
0,0,"`hsa-miR-4709-3p12`",0
0,0,"`hsa-miR-4709-5p11`",0
0,0,"`hsa-miR-4711-5p16`",0
0,0,"`hsa-miR-4712-3p19`",0
0,0,"`hsa-miR-4713-5p20`",0
0,0,"`hsa-miR-4714-3p23`",0
0,0,"`hsa-miR-4714-5p22`",0
0,0,"`hsa-miR-4715-5p24`",0
0,0,"`hsa-miR-4717-3p30`",0
0,0,"`hsa-miR-4720-5p33`",0
0,0,"`hsa-miR-4723-3p39`",0
0,0,"`hsa-miR-4725-5p43`",0
0,0,"`hsa-miR-4726-3p46`",0
0,0,"`hsa-miR-4726-5p45`",0
0,0,"`hsa-miR-4727-3p48`",0
0,0,"`hsa-miR-4727-5p47`",0
0,0,"`hsa-miR-472951`",0
0,0,"`hsa-miR-4731-3p54`",0
0,0,"`hsa-miR-4731-5p53`",0
0,0,"`hsa-miR-4732-3p56`",0
0,0,"`hsa-miR-4732-5p55`",0
0,0,"`hsa-miR-473459`",0
0,0,"`hsa-miR-473763`",0
0,0,"`hsa-miR-4738-3p67`",0
0,0,"`hsa-miR-4740-3p70`",0
0,0,"`hsa-miR-4740-5p69`",0
0,0,"`hsa-miR-474171`",0
0,0,"`hsa-miR-4742-3p73`",0
0,0,"`hsa-miR-4742-5p72`",0
0,0,"`hsa-miR-4743-3p78`",0
0,0,"`hsa-miR-4743-5p74`",0
0,0,"`hsa-miR-4745-3p79`",0
0,0,"`hsa-miR-4746-5p80`",0
0,0,"`hsa-miR-474884`",0
0,0,"`hsa-miR-4749-3p86`",0
0,0,"`hsa-miR-4749-5p85`",0
0,0,"`hsa-miR-4750-5p87`",0
0,0,"`hsa-miR-475188`",0
0,0,"`hsa-miR-4753-3p91`",0
0,0,"`hsa-miR-4753-5p90`",0
0,0,"`hsa-miR-475494`",0
0,0,"`hsa-miR-4755-3p96`",0
0,0,"`hsa-miR-4755-5p95`",0
0,0,"`hsa-miR-4757-3p02`",0
0,0,"`hsa-miR-4757-5p01`",0
0,0,"`hsa-miR-4758-3p04`",0
0,0,"`hsa-miR-4762-3p11`",0
0,0,"`hsa-miR-4762-5p10`",0
0,0,"`hsa-miR-4763-5p12`",0
0,0,"`hsa-miR-476516`",0
0,0,"`hsa-miR-4766-5p17`",0
0,0,"`hsa-miR-476719`",0
0,0,"`hsa-miR-4768-5p20`",0
0,0,"`hsa-miR-4769-5p22`",0
0,0,"`hsa-miR-4772-3p27`",0
0,0,"`hsa-miR-4772-5p26`",0
0,0,"`hsa-miR-4774-5p29`",0
0,0,"`hsa-miR-4776-3p33`",0
0,0,"`hsa-miR-4776-5p32`",0
0,0,"`hsa-miR-4777-3p35`",0
0,0,"`hsa-miR-4781-3p43`",0
0,0,"`hsa-miR-4782-5p44`",0
0,0,"`hsa-miR-478448`",0
0,0,"`hsa-miR-478549`",0
0,0,"`hsa-miR-4786-5p54`",0
0,0,"`hsa-miR-4787-3p57`",0
0,0,"`hsa-miR-4787-5p56`",0
0,0,"`hsa-miR-478858`",0
0,0,"`hsa-miR-479163`",0
0,0,"`hsa-miR-479467`",0
0,0,"`hsa-miR-4795-3p69`",0
0,0,"`hsa-miR-4796-3p71`",0
0,0,"`hsa-miR-4797-3p73`",0
0,0,"`hsa-miR-4797-5p72`",0
0,0,"`hsa-miR-4798-5p74`",0
0,0,"`hsa-miR-4799-5p76`",0
0,0,"`hsa-miR-4800-3p79`",0
0,0,"`hsa-miR-4800-5p78`",0
0,0,"`hsa-miR-480180`",0
0,0,"`hsa-miR-4802-3p82`",0
0,0,"`hsa-miR-480383`",0
0,0,"`hsa-miR-4804-3p85`",0
0,0,"`hsa-miR-4804-5p84`",0
0,0,"`hsa-miR-48474`",0
0,0,"`hsa-miR-487a-3p78`",0
0,0,"`hsa-miR-487a-5p59`",0
0,0,"`hsa-miR-487b-3p80`",0
0,0,"`hsa-miR-487b-5p14`",0
0,0,"`hsa-miR-488-3p63`",0
0,0,"`hsa-miR-488-5p04`",0
0,0,"`hsa-miR-489-3p05`",0
0,0,"`hsa-miR-490-5p64`",0
0,0,"`hsa-miR-491-3p65`",0
0,0,"`hsa-miR-491-5p07`",0
0,0,"`hsa-miR-493-3p61`",0
0,0,"`hsa-miR-493-5p13`",0
0,0,"`hsa-miR-494-3p16`",0
0,0,"`hsa-miR-494-5p07`",0
0,0,"`hsa-miR-495-5p24`",0
0,0,"`hsa-miR-49618`",0
0,0,"`hsa-miR-497-3p68`",0
0,0,"`hsa-miR-497-5p20`",0
0,0,"`hsa-miR-4999-5p17`",0
0,0,"`hsa-miR-499a-3p72`",0
0,0,"`hsa-miR-499a-5p70`",0
0,0,"`hsa-miR-5000-3p20`",0
0,0,"`hsa-miR-5000-5p19`",0
0,0,"`hsa-miR-5001-3p22`",0
0,0,"`hsa-miR-5001-5p21`",0
0,0,"`hsa-miR-5002-3p24`",0
0,0,"`hsa-miR-5002-5p23`",0
0,0,"`hsa-miR-5003-3p26`",0
0,0,"`hsa-miR-5004-3p28`",0
0,0,"`hsa-miR-5009-5p41`",0
0,0,"`hsa-miR-500a-3p71`",0
0,0,"`hsa-miR-500a-5p73`",0
0,0,"`hsa-miR-500b-3p32`",0
0,0,"`hsa-miR-500b-5p25`",0
0,0,"`hsa-miR-501-3p74`",0
0,0,"`hsa-miR-501-5p72`",0
0,0,"`hsa-miR-5010-5p43`",0
0,0,"`hsa-miR-502-3p75`",0
0,0,"`hsa-miR-503-3p25`",0
0,0,"`hsa-miR-503-5p74`",0
0,0,"`hsa-miR-504-3p12`",0
0,0,"`hsa-miR-504-5p75`",0
0,0,"`hsa-miR-505-3p76`",0
0,0,"`hsa-miR-505-5p76`",0
0,0,"`hsa-miR-508-3p80`",0
0,0,"`hsa-miR-5088-3p41`",0
0,0,"`hsa-miR-5088-5p80`",0
0,0,"`hsa-miR-509-3p81`",0
0,0,"`hsa-miR-509-5p79`",0
0,0,"`hsa-miR-509082`",0
0,0,"`hsa-miR-509183`",0
0,0,"`hsa-miR-509486`",0
0,0,"`hsa-miR-510-3p13`",0
0,0,"`hsa-miR-511-3p06`",0
0,0,"`hsa-miR-511-5p08`",0
0,0,"`hsa-miR-512-5p22`",0
0,0,"`hsa-miR-513b-5p88`",0
0,0,"`hsa-miR-513c-5p89`",0
0,0,"`hsa-miR-514a-3p83`",0
0,0,"`hsa-miR-515-3p27`",0
0,0,"`hsa-miR-516a-3p78`",0
0,0,"`hsa-miR-516b-3p60`",0
0,0,"`hsa-miR-516b-5p59`",0
0,0,"`hsa-miR-517-5p51`",0
0,0,"`hsa-miR-517a-3p52`",0
0,0,"`hsa-miR-517b-3p57`",0
0,0,"`hsa-miR-517c-3p66`",0
0,0,"`hsa-miR-5187-3p18`",0
0,0,"`hsa-miR-5187-5p17`",0
0,0,"`hsa-miR-518819`",0
0,0,"`hsa-miR-5189-3p88`",0
0,0,"`hsa-miR-5189-5p20`",0
0,0,"`hsa-miR-518a-3p63`",0
0,0,"`hsa-miR-518a-5p57`",0
0,0,"`hsa-miR-518b44`",0
0,0,"`hsa-miR-518c-3p48`",0
0,0,"`hsa-miR-518d-3p64`",0
0,0,"`hsa-miR-518d-5p56`",0
0,0,"`hsa-miR-518e-3p61`",0
0,0,"`hsa-miR-518e-5p50`",0
0,0,"`hsa-miR-518f-3p42`",0
0,0,"`hsa-miR-518f-5p41`",0
0,0,"`hsa-miR-519021`",0
0,0,"`hsa-miR-519122`",0
0,0,"`hsa-miR-519324`",0
0,0,"`hsa-miR-5196-3p29`",0
0,0,"`hsa-miR-519a-2-5p27`",0
0,0,"`hsa-miR-519a-3p69`",0
0,0,"`hsa-miR-519a-5p52`",0
0,0,"`hsa-miR-519b-3p37`",0
0,0,"`hsa-miR-519b-5p54`",0
0,0,"`hsa-miR-519c-3p32`",0
0,0,"`hsa-miR-519c-5p31`",0
0,0,"`hsa-miR-519d-5p10`",0
0,0,"`hsa-miR-519e-3p29`",0
0,0,"`hsa-miR-520a-3p34`",0
0,0,"`hsa-miR-520a-5p33`",0
0,0,"`hsa-miR-520b-3p43`",0
0,0,"`hsa-miR-520b-5p25`",0
0,0,"`hsa-miR-520c-3p46`",0
0,0,"`hsa-miR-520c-5p55`",0
0,0,"`hsa-miR-520d-3p56`",0
0,0,"`hsa-miR-520e-3p25`",0
0,0,"`hsa-miR-520g-3p58`",0
0,0,"`hsa-miR-520g-5p11`",0
0,0,"`hsa-miR-520h67`",0
0,0,"`hsa-miR-522-3p68`",0
0,0,"`hsa-miR-522-5p51`",0
0,0,"`hsa-miR-523-5p49`",0
0,0,"`hsa-miR-524-3p50`",0
0,0,"`hsa-miR-524-5p49`",0
0,0,"`hsa-miR-525-3p39`",0
0,0,"`hsa-miR-525-5p38`",0
0,0,"`hsa-miR-526a-3p26`",0
0,0,"`hsa-miR-526a-5p45`",0
0,0,"`hsa-miR-526b-3p36`",0
0,0,"`hsa-miR-52762`",0
0,0,"`hsa-miR-532-3p80`",0
0,0,"`hsa-miR-532-5p88`",0
0,0,"`hsa-miR-539-5p63`",0
0,0,"`hsa-miR-541-3p20`",0
0,0,"`hsa-miR-541-5p19`",0
0,0,"`hsa-miR-542-5p40`",0
0,0,"`hsa-miR-54354`",0
0,0,"`hsa-miR-544a64`",0
0,0,"`hsa-miR-544b04`",0
0,0,"`hsa-miR-545-3p65`",0
0,0,"`hsa-miR-545-5p85`",0
0,0,"`hsa-miR-548a-3p51`",0
0,0,"`hsa-miR-548a-5p03`",0
0,0,"`hsa-miR-548aa47`",0
0,0,"`hsa-miR-548ab28`",0
0,0,"`hsa-miR-548ac38`",0
0,0,"`hsa-miR-548ad-5p14`",0
0,0,"`hsa-miR-548ae-3p54`",0
0,0,"`hsa-miR-548ae-5p15`",0
0,0,"`hsa-miR-548ag69`",0
0,0,"`hsa-miR-548ah-3p57`",0
0,0,"`hsa-miR-548ai89`",0
0,0,"`hsa-miR-548aj-3p90`",0
0,0,"`hsa-miR-548aj-5p39`",0
0,0,"`hsa-miR-548ak13`",0
0,0,"`hsa-miR-548am-3p76`",0
0,0,"`hsa-miR-548am-5p40`",0
0,0,"`hsa-miR-548an79`",0
0,0,"`hsa-miR-548ao-3p30`",0
0,0,"`hsa-miR-548ap-3p38`",0
0,0,"`hsa-miR-548ap-5p37`",0
0,0,"`hsa-miR-548aq-3p64`",0
0,0,"`hsa-miR-548aq-5p63`",0
0,0,"`hsa-miR-548ar-3p66`",0
0,0,"`hsa-miR-548as-5p67`",0
0,0,"`hsa-miR-548at-3p78`",0
0,0,"`hsa-miR-548at-5p77`",0
0,0,"`hsa-miR-548au-5p91`",0
0,0,"`hsa-miR-548av-5p03`",0
0,0,"`hsa-miR-548aw71`",0
0,0,"`hsa-miR-548ax74`",0
0,0,"`hsa-miR-548ay-3p53`",0
0,0,"`hsa-miR-548ay-5p52`",0
0,0,"`hsa-miR-548az-5p56`",0
0,0,"`hsa-miR-548b-3p54`",0
0,0,"`hsa-miR-548b-5p98`",0
0,0,"`hsa-miR-548ba75`",0
0,0,"`hsa-miR-548bb-3p04`",0
0,0,"`hsa-miR-548bc65`",0
0,0,"`hsa-miR-548c-3p85`",0
0,0,"`hsa-miR-548c-5p06`",0
0,0,"`hsa-miR-548d-3p23`",0
0,0,"`hsa-miR-548e-3p74`",0
0,0,"`hsa-miR-548e-5p36`",0
0,0,"`hsa-miR-548f-3p95`",0
0,0,"`hsa-miR-548g-5p22`",0
0,0,"`hsa-miR-548h-5p28`",0
0,0,"`hsa-miR-548j-3p37`",0
0,0,"`hsa-miR-548j-5p75`",0
0,0,"`hsa-miR-548k82`",0
0,0,"`hsa-miR-548n16`",0
0,0,"`hsa-miR-548o-5p38`",0
0,0,"`hsa-miR-548p34`",0
0,0,"`hsa-miR-548q63`",0
0,0,"`hsa-miR-548s87`",0
0,0,"`hsa-miR-548t-3p30`",0
0,0,"`hsa-miR-548t-5p09`",0
0,0,"`hsa-miR-548u13`",0
0,0,"`hsa-miR-548v20`",0
0,0,"`hsa-miR-548w60`",0
0,0,"`hsa-miR-548x-3p81`",0
0,0,"`hsa-miR-548y54`",0
0,0,"`hsa-miR-548z46`",0
0,0,"`hsa-miR-549a-5p28`",0
0,0,"`hsa-miR-550a-3-5p25`",0
0,0,"`hsa-miR-550a-3p57`",0
0,0,"`hsa-miR-550a-5p00`",0
0,0,"`hsa-miR-550b-2-5p37`",0
0,0,"`hsa-miR-550b-3p45`",0
0,0,"`hsa-miR-551a14`",0
0,0,"`hsa-miR-551b-3p33`",0
0,0,"`hsa-miR-551b-5p94`",0
0,0,"`hsa-miR-552-3p15`",0
0,0,"`hsa-miR-552-5p15`",0
0,0,"`hsa-miR-556-3p93`",0
0,0,"`hsa-miR-556-5p20`",0
0,0,"`hsa-miR-5571-3p58`",0
0,0,"`hsa-miR-5579-3p70`",0
0,0,"`hsa-miR-5579-5p69`",0
0,0,"`hsa-miR-5580-5p73`",0
0,0,"`hsa-miR-5581-3p76`",0
0,0,"`hsa-miR-5582-3p80`",0
0,0,"`hsa-miR-5583-3p82`",0
0,0,"`hsa-miR-5583-5p81`",0
0,0,"`hsa-miR-5584-5p83`",0
0,0,"`hsa-miR-5585-3p86`",0
0,0,"`hsa-miR-5586-3p88`",0
0,0,"`hsa-miR-5587-5p89`",0
0,0,"`hsa-miR-5588-3p96`",0
0,0,"`hsa-miR-5588-5p95`",0
0,0,"`hsa-miR-5591-3p02`",0
0,0,"`hsa-miR-5591-5p01`",0
0,0,"`hsa-miR-55923`",0
0,0,"`hsa-miR-561-3p25`",0
0,0,"`hsa-miR-561-5p06`",0
0,0,"`hsa-miR-56226`",0
0,0,"`hsa-miR-568068`",0
0,0,"`hsa-miR-568372`",0
0,0,"`hsa-miR-568778`",0
0,0,"`hsa-miR-568879`",0
0,0,"`hsa-miR-568981`",0
0,0,"`hsa-miR-569082`",0
0,0,"`hsa-miR-5692b97`",0
0,0,"`hsa-miR-5692c76`",0
0,0,"`hsa-miR-569588`",0
0,0,"`hsa-miR-569790`",0
0,0,"`hsa-miR-569891`",0
0,0,"`hsa-miR-5699-3p92`",0
0,0,"`hsa-miR-5699-5p03`",0
0,0,"`hsa-miR-570-3p35`",0
0,0,"`hsa-miR-570-5p07`",0
0,0,"`hsa-miR-570194`",0
0,0,"`hsa-miR-570600`",0
0,0,"`hsa-miR-57338`",0
0,0,"`hsa-miR-574-3p39`",0
0,0,"`hsa-miR-574-5p95`",0
0,0,"`hsa-miR-576-3p`",0
0,0,"`hsa-miR-57742`",0
0,0,"`hsa-miR-579-3p44`",0
0,0,"`hsa-miR-579-5p16`",0
0,0,"`hsa-miR-580-3p45`",0
0,0,"`hsa-miR-580-5p17`",0
0,0,"`hsa-miR-58146`",0
0,0,"`hsa-miR-582-3p97`",0
0,0,"`hsa-miR-584-3p08`",0
0,0,"`hsa-miR-584-5p49`",0
0,0,"`hsa-miR-585-3p50`",0
0,0,"`hsa-miR-58652`",0
0,0,"`hsa-miR-58855`",0
0,0,"`hsa-miR-589-3p56`",0
0,0,"`hsa-miR-589-5p99`",0
0,0,"`hsa-miR-590-3p01`",0
0,0,"`hsa-miR-590-5p58`",0
0,0,"`hsa-miR-59260`",0
0,0,"`hsa-miR-597-3p19`",0
0,0,"`hsa-miR-597-5p65`",0
0,0,"`hsa-miR-598-3p66`",0
0,0,"`hsa-miR-598-5p20`",0
0,0,"`hsa-miR-60068`",0
0,0,"`hsa-miR-605-3p21`",0
0,0,"`hsa-miR-605-5p73`",0
0,0,"`hsa-miR-60775`",0
0,0,"`hsa-miR-60977`",0
0,0,"`hsa-miR-61078`",0
0,0,"`hsa-miR-612598`",0
0,0,"`hsa-miR-61280`",0
0,0,"`hsa-miR-613014`",0
0,0,"`hsa-miR-613216`",0
0,0,"`hsa-miR-613418`",0
0,0,"`hsa-miR-615-3p83`",0
0,0,"`hsa-miR-615-5p04`",0
0,0,"`hsa-miR-616-3p05`",0
0,0,"`hsa-miR-616-5p84`",0
0,0,"`hsa-miR-61887`",0
0,0,"`hsa-miR-619-5p22`",0
0,0,"`hsa-miR-624-3p07`",0
0,0,"`hsa-miR-625-3p08`",0
0,0,"`hsa-miR-625-5p94`",0
0,0,"`hsa-miR-627-3p23`",0
0,0,"`hsa-miR-628-3p97`",0
0,0,"`hsa-miR-628-5p09`",0
0,0,"`hsa-miR-63202`",0
0,0,"`hsa-miR-63505`",0
0,0,"`hsa-miR-63606`",0
0,0,"`hsa-miR-64111`",0
0,0,"`hsa-miR-642b-3p44`",0
0,0,"`hsa-miR-642b-5p36`",0
0,0,"`hsa-miR-64313`",0
0,0,"`hsa-miR-64616`",0
0,0,"`hsa-miR-64919`",0
0,0,"`hsa-miR-6500-3p55`",0
0,0,"`hsa-miR-6500-5p54`",0
0,0,"`hsa-miR-6501-3p59`",0
0,0,"`hsa-miR-6501-5p58`",0
0,0,"`hsa-miR-6502-5p60`",0
0,0,"`hsa-miR-6503-3p63`",0
0,0,"`hsa-miR-6503-5p62`",0
0,0,"`hsa-miR-6505-3p67`",0
0,0,"`hsa-miR-6506-5p68`",0
0,0,"`hsa-miR-6507-3p71`",0
0,0,"`hsa-miR-6508-5p72`",0
0,0,"`hsa-miR-6509-3p75`",0
0,0,"`hsa-miR-651-5p21`",0
0,0,"`hsa-miR-6510-3p77`",0
0,0,"`hsa-miR-6511a-3p79`",0
0,0,"`hsa-miR-6511a-5p78`",0
0,0,"`hsa-miR-6511b-3p48`",0
0,0,"`hsa-miR-6511b-5p47`",0
0,0,"`hsa-miR-6512-5p80`",0
0,0,"`hsa-miR-6513-5p82`",0
0,0,"`hsa-miR-6514-3p85`",0
0,0,"`hsa-miR-6514-5p84`",0
0,0,"`hsa-miR-6515-5p86`",0
0,0,"`hsa-miR-6516-3p18`",0
0,0,"`hsa-miR-6516-5p17`",0
0,0,"`hsa-miR-652-3p22`",0
0,0,"`hsa-miR-652-5p09`",0
0,0,"`hsa-miR-654-3p14`",0
0,0,"`hsa-miR-654-5p30`",0
0,0,"`hsa-miR-655-3p31`",0
0,0,"`hsa-miR-655-5p26`",0
0,0,"`hsa-miR-656-3p32`",0
0,0,"`hsa-miR-656-5p27`",0
0,0,"`hsa-miR-65836`",0
0,0,"`hsa-miR-659-3p37`",0
0,0,"`hsa-miR-659-5p10`",0
0,0,"`hsa-miR-660-3p11`",0
0,0,"`hsa-miR-660-5p38`",0
0,0,"`hsa-miR-663a26`",0
0,0,"`hsa-miR-664a-3p49`",0
0,0,"`hsa-miR-664a-5p48`",0
0,0,"`hsa-miR-664b-5p71`",0
0,0,"`hsa-miR-66552`",0
0,0,"`hsa-miR-668-3p81`",0
0,0,"`hsa-miR-671-3p19`",0
0,0,"`hsa-miR-6715b-3p43`",0
0,0,"`hsa-miR-6716-3p45`",0
0,0,"`hsa-miR-6716-5p44`",0
0,0,"`hsa-miR-6717-5p46`",0
0,0,"`hsa-miR-6718-5p49`",0
0,0,"`hsa-miR-6720-3p51`",0
0,0,"`hsa-miR-6720-5p45`",0
0,0,"`hsa-miR-6721-5p52`",0
0,0,"`hsa-miR-6726-3p54`",0
0,0,"`hsa-miR-6726-5p53`",0
0,0,"`hsa-miR-6727-3p56`",0
0,0,"`hsa-miR-6729-3p60`",0
0,0,"`hsa-miR-6729-5p59`",0
0,0,"`hsa-miR-6730-3p62`",0
0,0,"`hsa-miR-6730-5p61`",0
0,0,"`hsa-miR-6732-3p66`",0
0,0,"`hsa-miR-6733-3p68`",0
0,0,"`hsa-miR-6733-5p67`",0
0,0,"`hsa-miR-6735-3p72`",0
0,0,"`hsa-miR-6735-5p71`",0
0,0,"`hsa-miR-6736-3p74`",0
0,0,"`hsa-miR-6738-3p78`",0
0,0,"`hsa-miR-6739-3p80`",0
0,0,"`hsa-miR-6740-3p82`",0
0,0,"`hsa-miR-6740-5p81`",0
0,0,"`hsa-miR-6741-3p84`",0
0,0,"`hsa-miR-6741-5p83`",0
0,0,"`hsa-miR-6742-3p86`",0
0,0,"`hsa-miR-6743-3p88`",0
0,0,"`hsa-miR-674591`",0
0,0,"`hsa-miR-6746-3p93`",0
0,0,"`hsa-miR-6746-5p92`",0
0,0,"`hsa-miR-6747-3p95`",0
0,0,"`hsa-miR-6748-3p97`",0
0,0,"`hsa-miR-6749-3p99`",0
0,0,"`hsa-miR-6750-3p01`",0
0,0,"`hsa-miR-6750-5p00`",0
0,0,"`hsa-miR-6751-3p03`",0
0,0,"`hsa-miR-6751-5p02`",0
0,0,"`hsa-miR-6752-3p05`",0
0,0,"`hsa-miR-6754-3p09`",0
0,0,"`hsa-miR-6755-5p10`",0
0,0,"`hsa-miR-6756-3p13`",0
0,0,"`hsa-miR-6757-3p15`",0
0,0,"`hsa-miR-6757-5p14`",0
0,0,"`hsa-miR-6758-3p17`",0
0,0,"`hsa-miR-676-3p04`",0
0,0,"`hsa-miR-676-5p03`",0
0,0,"`hsa-miR-6761-3p23`",0
0,0,"`hsa-miR-6762-3p25`",0
0,0,"`hsa-miR-6763-3p27`",0
0,0,"`hsa-miR-6764-3p29`",0
0,0,"`hsa-miR-6764-5p28`",0
0,0,"`hsa-miR-6765-3p31`",0
0,0,"`hsa-miR-6766-3p33`",0
0,0,"`hsa-miR-6767-5p34`",0
0,0,"`hsa-miR-6769a-3p39`",0
0,0,"`hsa-miR-6769b-3p21`",0
0,0,"`hsa-miR-6770-3p41`",0
0,0,"`hsa-miR-6770-5p40`",0
0,0,"`hsa-miR-6772-3p45`",0
0,0,"`hsa-miR-6772-5p44`",0
0,0,"`hsa-miR-6774-3p49`",0
0,0,"`hsa-miR-6774-5p48`",0
0,0,"`hsa-miR-6775-3p51`",0
0,0,"`hsa-miR-6776-3p53`",0
0,0,"`hsa-miR-6777-5p54`",0
0,0,"`hsa-miR-6779-3p59`",0
0,0,"`hsa-miR-6779-5p58`",0
0,0,"`hsa-miR-6780a-3p61`",0
0,0,"`hsa-miR-6780a-5p60`",0
0,0,"`hsa-miR-6780b-3p73`",0
0,0,"`hsa-miR-6780b-5p72`",0
0,0,"`hsa-miR-6781-3p63`",0
0,0,"`hsa-miR-6782-3p65`",0
0,0,"`hsa-miR-6783-3p67`",0
0,0,"`hsa-miR-6783-5p66`",0
0,0,"`hsa-miR-6784-3p69`",0
0,0,"`hsa-miR-6786-3p73`",0
0,0,"`hsa-miR-6787-3p75`",0
0,0,"`hsa-miR-6788-3p77`",0
0,0,"`hsa-miR-6788-5p76`",0
0,0,"`hsa-miR-6791-3p83`",0
0,0,"`hsa-miR-6793-3p87`",0
0,0,"`hsa-miR-6793-5p86`",0
0,0,"`hsa-miR-6795-3p91`",0
0,0,"`hsa-miR-6795-5p90`",0
0,0,"`hsa-miR-6796-3p93`",0
0,0,"`hsa-miR-6796-5p92`",0
0,0,"`hsa-miR-6797-3p95`",0
0,0,"`hsa-miR-6797-5p94`",0
0,0,"`hsa-miR-6798-3p97`",0
0,0,"`hsa-miR-6799-3p99`",0
0,0,"`hsa-miR-6800-3p01`",0
0,0,"`hsa-miR-6801-3p03`",0
0,0,"`hsa-miR-6801-5p02`",0
0,0,"`hsa-miR-6802-3p05`",0
0,0,"`hsa-miR-6802-5p04`",0
0,0,"`hsa-miR-6803-3p07`",0
0,0,"`hsa-miR-6804-3p09`",0
0,0,"`hsa-miR-6805-5p10`",0
0,0,"`hsa-miR-6806-3p13`",0
0,0,"`hsa-miR-6807-3p15`",0
0,0,"`hsa-miR-6807-5p14`",0
0,0,"`hsa-miR-6808-3p17`",0
0,0,"`hsa-miR-6809-3p19`",0
0,0,"`hsa-miR-6809-5p18`",0
0,0,"`hsa-miR-6810-3p21`",0
0,0,"`hsa-miR-6810-5p20`",0
0,0,"`hsa-miR-6811-5p22`",0
0,0,"`hsa-miR-6812-3p25`",0
0,0,"`hsa-miR-6812-5p24`",0
0,0,"`hsa-miR-6813-5p26`",0
0,0,"`hsa-miR-6815-3p31`",0
0,0,"`hsa-miR-6815-5p30`",0
0,0,"`hsa-miR-6816-3p33`",0
0,0,"`hsa-miR-6817-3p35`",0
0,0,"`hsa-miR-6818-3p37`",0
0,0,"`hsa-miR-6818-5p36`",0
0,0,"`hsa-miR-6819-3p39`",0
0,0,"`hsa-miR-6819-5p38`",0
0,0,"`hsa-miR-6820-3p41`",0
0,0,"`hsa-miR-6820-5p40`",0
0,0,"`hsa-miR-6821-3p43`",0
0,0,"`hsa-miR-6824-3p49`",0
0,0,"`hsa-miR-6826-3p53`",0
0,0,"`hsa-miR-6827-3p55`",0
0,0,"`hsa-miR-6827-5p54`",0
0,0,"`hsa-miR-6829-5p58`",0
0,0,"`hsa-miR-6830-5p60`",0
0,0,"`hsa-miR-6832-3p65`",0
0,0,"`hsa-miR-6833-3p67`",0
0,0,"`hsa-miR-6833-5p66`",0
0,0,"`hsa-miR-6834-3p69`",0
0,0,"`hsa-miR-6834-5p68`",0
0,0,"`hsa-miR-6836-3p75`",0
0,0,"`hsa-miR-6836-5p74`",0
0,0,"`hsa-miR-6837-3p77`",0
0,0,"`hsa-miR-6837-5p76`",0
0,0,"`hsa-miR-6838-5p78`",0
0,0,"`hsa-miR-6840-3p83`",0
0,0,"`hsa-miR-6840-5p82`",0
0,0,"`hsa-miR-6842-3p87`",0
0,0,"`hsa-miR-6842-5p86`",0
0,0,"`hsa-miR-6843-3p88`",0
0,0,"`hsa-miR-684489`",0
0,0,"`hsa-miR-6845-3p91`",0
0,0,"`hsa-miR-6845-5p90`",0
0,0,"`hsa-miR-6847-5p94`",0
0,0,"`hsa-miR-6848-3p97`",0
0,0,"`hsa-miR-6848-5p96`",0
0,0,"`hsa-miR-6849-3p99`",0
0,0,"`hsa-miR-6850-3p01`",0
0,0,"`hsa-miR-6852-3p05`",0
0,0,"`hsa-miR-6853-3p07`",0
0,0,"`hsa-miR-6854-3p09`",0
0,0,"`hsa-miR-6854-5p08`",0
0,0,"`hsa-miR-6855-3p11`",0
0,0,"`hsa-miR-6855-5p10`",0
0,0,"`hsa-miR-6856-3p13`",0
0,0,"`hsa-miR-6857-3p15`",0
0,0,"`hsa-miR-6858-3p17`",0
0,0,"`hsa-miR-6859-3p19`",0
0,0,"`hsa-miR-6859-5p18`",0
0,0,"`hsa-miR-6862-3p26`",0
0,0,"`hsa-miR-6865-3p31`",0
0,0,"`hsa-miR-6865-5p30`",0
0,0,"`hsa-miR-6866-3p33`",0
0,0,"`hsa-miR-6866-5p32`",0
0,0,"`hsa-miR-6867-3p35`",0
0,0,"`hsa-miR-6867-5p34`",0
0,0,"`hsa-miR-6868-3p37`",0
0,0,"`hsa-miR-6870-3p41`",0
0,0,"`hsa-miR-6872-3p45`",0
0,0,"`hsa-miR-6873-3p47`",0
0,0,"`hsa-miR-6874-5p48`",0
0,0,"`hsa-miR-6875-3p51`",0
0,0,"`hsa-miR-6875-5p50`",0
0,0,"`hsa-miR-6877-5p54`",0
0,0,"`hsa-miR-6878-5p56`",0
0,0,"`hsa-miR-6879-3p59`",0
0,0,"`hsa-miR-6880-3p61`",0
0,0,"`hsa-miR-6881-3p63`",0
0,0,"`hsa-miR-6882-3p65`",0
0,0,"`hsa-miR-6882-5p64`",0
0,0,"`hsa-miR-6883-3p67`",0
0,0,"`hsa-miR-6884-3p69`",0
0,0,"`hsa-miR-6884-5p68`",0
0,0,"`hsa-miR-6885-3p71`",0
0,0,"`hsa-miR-6886-3p73`",0
0,0,"`hsa-miR-6886-5p72`",0
0,0,"`hsa-miR-6888-3p77`",0
0,0,"`hsa-miR-6889-3p79`",0
0,0,"`hsa-miR-6890-3p81`",0
0,0,"`hsa-miR-6890-5p80`",0
0,0,"`hsa-miR-6891-3p83`",0
0,0,"`hsa-miR-6892-5p84`",0
0,0,"`hsa-miR-6894-3p89`",0
0,0,"`hsa-miR-6894-5p88`",0
0,0,"`hsa-miR-6895-3p91`",0
0,0,"`hsa-miR-6895-5p90`",0
0,0,"`hsa-miR-7-1-3p53`",0
0,0,"`hsa-miR-7-5p52`",0
0,0,"`hsa-miR-708-3p27`",0
0,0,"`hsa-miR-708-5p26`",0
0,0,"`hsa-miR-7108-5p13`",0
0,0,"`hsa-miR-7109-3p16`",0
0,0,"`hsa-miR-7109-5p15`",0
0,0,"`hsa-miR-7110-3p18`",0
0,0,"`hsa-miR-7111-3p20`",0
0,0,"`hsa-miR-7113-3p24`",0
0,0,"`hsa-miR-7114-3p26`",0
0,0,"`hsa-miR-7114-5p25`",0
0,0,"`hsa-miR-7152-3p15`",0
0,0,"`hsa-miR-7155-3p21`",0
0,0,"`hsa-miR-7157-3p25`",0
0,0,"`hsa-miR-7157-5p24`",0
0,0,"`hsa-miR-744-3p46`",0
0,0,"`hsa-miR-744-5p45`",0
0,0,"`hsa-miR-751510`",0
0,0,"`hsa-miR-76213`",0
0,0,"`hsa-miR-76545`",0
0,0,"`hsa-miR-766-3p88`",0
0,0,"`hsa-miR-766-5p14`",0
0,0,"`hsa-miR-767-5p82`",0
0,0,"`hsa-miR-770-5p48`",0
0,0,"`hsa-miR-770217`",0
0,0,"`hsa-miR-770318`",0
0,0,"`hsa-miR-770419`",0
0,0,"`hsa-miR-770520`",0
0,0,"`hsa-miR-770621`",0
0,0,"`hsa-miR-7843-3p12`",0
0,0,"`hsa-miR-7844-5p19`",0
0,0,"`hsa-miR-7846-3p21`",0
0,0,"`hsa-miR-7849-3p24`",0
0,0,"`hsa-miR-7850-5p25`",0
0,0,"`hsa-miR-7852-3p27`",0
0,0,"`hsa-miR-7853-5p28`",0
0,0,"`hsa-miR-7854-3p29`",0
0,0,"`hsa-miR-7855-5p30`",0
0,0,"`hsa-miR-797376`",0
0,0,"`hsa-miR-797477`",0
0,0,"`hsa-miR-797578`",0
0,0,"`hsa-miR-797780`",0
0,0,"`hsa-miR-848592`",0
0,0,"`hsa-miR-873-3p17`",0
0,0,"`hsa-miR-873-5p53`",0
0,0,"`hsa-miR-874-5p18`",0
0,0,"`hsa-miR-876-3p25`",0
0,0,"`hsa-miR-877-3p50`",0
0,0,"`hsa-miR-877-5p49`",0
0,0,"`hsa-miR-887-3p51`",0
0,0,"`hsa-miR-887-5p20`",0
0,0,"`hsa-miR-888-5p16`",0
0,0,"`hsa-miR-889-3p21`",0
0,0,"`hsa-miR-889-5p19`",0
0,0,"`hsa-miR-89012`",0
0,0,"`hsa-miR-891a-5p02`",0
0,0,"`hsa-miR-891b13`",0
0,0,"`hsa-miR-892a07`",0
0,0,"`hsa-miR-892b18`",0
0,0,"`hsa-miR-892c-3p58`",0
0,0,"`hsa-miR-9-3p42`",0
0,0,"`hsa-miR-9-5p41`",0
0,0,"`hsa-miR-92272`",0
0,0,"`hsa-miR-93-3p09`",0
0,0,"`hsa-miR-93-5p93`",0
0,0,"`hsa-miR-93376`",0
0,0,"`hsa-miR-93578`",0
0,0,"`hsa-miR-937-3p80`",0
0,0,"`hsa-miR-937-5p38`",0
0,0,"`hsa-miR-939-3p39`",0
0,0,"`hsa-miR-939-5p82`",0
0,0,"`hsa-miR-94083`",0
0,0,"`hsa-miR-94184`",0
0,0,"`hsa-miR-942-3p34`",0
0,0,"`hsa-miR-942-5p85`",0
0,0,"`hsa-miR-94386`",0
0,0,"`hsa-miR-94487`",0
0,0,"`hsa-miR-95-3p94`",0
0,0,"`hsa-miR-95-5p73`",0
0,0,"`hsa-miR-96-3p10`",0
0,0,"`hsa-miR-98-3p42`",0
0,0,"`hsa-miR-990121`",0
0,0,"`hsa-miR-9983-3p93`",0
0,0,"`hsa-miR-99a-3p11`",0
0,0,"`hsa-miR-99b-3p78`",0
0,0,"`hsa-miR-99b-5p89`",0
-0.0309606032436107,-0.0309606032436107,"`hsa-miR-316337`",-0.0309606032436107
-0.138685717598775,-0.138685717598775,"`hsa-miR-569689`",-0.138685717598775
-0.200875295649853,-0.200875295649853,"`hsa-miR-28-5p85`",-0.200875295649853
-0.216774503170831,-0.216774503170831,"`hsa-miR-3150b-3p94`",-0.216774503170831
-0.223651532530411,-0.223651532530411,"`hsa-miR-675-3p90`",-0.223651532530411
-0.276849218721781,-0.276849218721781,"`hsa-miR-125b-2-3p03`",-0.276849218721781
-0.280632906161064,-0.280632906161064,"`hsa-miR-3934-5p49`",-0.280632906161064
-0.333815562980015,-0.333815562980015,"`hsa-let-7a-5p62`",-0.333815562980015
-0.400496751012175,-0.400496751012175,"`hsa-miR-323b-3p50`",-0.400496751012175
-0.500500751252191,-0.500500751252191,"`hsa-let-7g-3p84`",-0.500500751252191
-0.500500751252191,-0.500500751252191,"`hsa-miR-103a-1-5p06`",-0.500500751252191
-0.500500751252191,-0.500500751252191,"`hsa-miR-106b-3p72`",-0.500500751252191
-0.500500751252191,-0.500500751252191,"`hsa-miR-1140158`",-0.500500751252191
-0.500500751252191,-0.500500751252191,"`hsa-miR-1213632`",-0.500500751252191
-0.500500751252191,-0.500500751252191,"`hsa-miR-1260b41`",-0.500500751252191
-0.500500751252191,-0.500500751252191,"`hsa-miR-128-1-5p77`",-0.500500751252191
-0.500500751252191,-0.500500751252191,"`hsa-miR-1285-3p76`",-0.500500751252191
-0.500500751252191,-0.500500751252191,"`hsa-miR-130b-3p91`",-0.500500751252191
-0.500500751252191,-0.500500751252191,"`hsa-miR-134-3p81`",-0.500500751252191
-0.500500751252191,-0.500500751252191,"`hsa-miR-144-3p36`",-0.500500751252191
-0.500500751252191,-0.500500751252191,"`hsa-miR-16-2-3p18`",-0.500500751252191
-0.500500751252191,-0.500500751252191,"`hsa-miR-186-5p56`",-0.500500751252191
-0.500500751252191,-0.500500751252191,"`hsa-miR-21-5p76`",-0.500500751252191
-0.500500751252191,-0.500500751252191,"`hsa-miR-24-1-5p79`",-0.500500751252191
-0.500500751252191,-0.500500751252191,"`hsa-miR-299-5p90`",-0.500500751252191
-0.500500751252191,-0.500500751252191,"`hsa-miR-30a-3p88`",-0.500500751252191
-0.500500751252191,-0.500500751252191,"`hsa-miR-30a-5p87`",-0.500500751252191
-0.500500751252191,-0.500500751252191,"`hsa-miR-378a-3p32`",-0.500500751252191
-0.500500751252191,-0.500500751252191,"`hsa-miR-3912-3p86`",-0.500500751252191
-0.500500751252191,-0.500500751252191,"`hsa-miR-3928-3p05`",-0.500500751252191
-0.500500751252191,-0.500500751252191,"`hsa-miR-428616`",-0.500500751252191
-0.500500751252191,-0.500500751252191,"`hsa-miR-4482-3p58`",-0.500500751252191
-0.500500751252191,-0.500500751252191,"`hsa-miR-4668-3p46`",-0.500500751252191
-0.500500751252191,-0.500500751252191,"`hsa-miR-4697-3p92`",-0.500500751252191
-0.500500751252191,-0.500500751252191,"`hsa-miR-4725-3p44`",-0.500500751252191
-0.500500751252191,-0.500500751252191,"`hsa-miR-486-5p77`",-0.500500751252191
-0.500500751252191,-0.500500751252191,"`hsa-miR-5010-3p44`",-0.500500751252191
-0.500500751252191,-0.500500751252191,"`hsa-miR-502-5p73`",-0.500500751252191
-0.500500751252191,-0.500500751252191,"`hsa-miR-523-3p40`",-0.500500751252191
-0.500500751252191,-0.500500751252191,"`hsa-miR-526b-5p35`",-0.500500751252191
-0.500500751252191,-0.500500751252191,"`hsa-miR-548h-3p23`",-0.500500751252191
-0.500500751252191,-0.500500751252191,"`hsa-miR-548x-5p33`",-0.500500751252191
-0.500500751252191,-0.500500751252191,"`hsa-miR-627-5p96`",-0.500500751252191
-0.500500751252191,-0.500500751252191,"`hsa-miR-642a-3p24`",-0.500500751252191
-0.500500751252191,-0.500500751252191,"`hsa-miR-6508-3p73`",-0.500500751252191
-0.500500751252191,-0.500500751252191,"`hsa-miR-6509-5p74`",-0.500500751252191
-0.500500751252191,-0.500500751252191,"`hsa-miR-653-5p28`",-0.500500751252191
-0.500500751252191,-0.500500751252191,"`hsa-miR-664b-3p72`",-0.500500751252191
-0.500500751252191,-0.500500751252191,"`hsa-miR-6737-3p76`",-0.500500751252191
-0.500500751252191,-0.500500751252191,"`hsa-miR-6761-5p22`",-0.500500751252191
-0.500500751252191,-0.500500751252191,"`hsa-miR-6777-3p55`",-0.500500751252191
-0.500500751252191,-0.500500751252191,"`hsa-miR-6804-5p08`",-0.500500751252191
-0.500500751252191,-0.500500751252191,"`hsa-miR-6874-3p49`",-0.500500751252191
-0.500500751252191,-0.500500751252191,"`hsa-miR-76057`",-0.500500751252191
-0.500500751252191,-0.500500751252191,"`hsa-miR-990323`",-0.500500751252191
-0.578589536824248,-0.578589536824248,"`hsa-miR-2355-3p50`",-0.578589536824248
-0.636915376841164,-0.636915376841164,"`hsa-miR-29a-5p03`",-0.636915376841164
-0.701376046902044,-0.701376046902044,"`hsa-miR-214-5p64`",-0.701376046902044
-0.892974618268607,-0.892974618268607,"`hsa-miR-210-3p67`",-0.892974618268607
-1.00100150250438,-1.00100150250438,"`hsa-miR-106a-5p03`",-1.00100150250438
-1.00100150250438,-1.00100150250438,"`hsa-miR-122-5p21`",-1.00100150250438
-1.00100150250438,-1.00100150250438,"`hsa-miR-125a-3p02`",-1.00100150250438
-1.00100150250438,-1.00100150250438,"`hsa-miR-1271-5p96`",-1.00100150250438
-1.00100150250438,-1.00100150250438,"`hsa-miR-1273c17`",-1.00100150250438
-1.00100150250438,-1.00100150250438,"`hsa-miR-128-3p24`",-1.00100150250438
-1.00100150250438,-1.00100150250438,"`hsa-miR-1307-3p51`",-1.00100150250438
-1.00100150250438,-1.00100150250438,"`hsa-miR-133b70`",-1.00100150250438
-1.00100150250438,-1.00100150250438,"`hsa-miR-145-5p37`",-1.00100150250438
-1.00100150250438,-1.00100150250438,"`hsa-miR-148a-5p49`",-1.00100150250438
-1.00100150250438,-1.00100150250438,"`hsa-miR-148b-3p59`",-1.00100150250438
-1.00100150250438,-1.00100150250438,"`hsa-miR-150-3p10`",-1.00100150250438
-1.00100150250438,-1.00100150250438,"`hsa-miR-151a-5p97`",-1.00100150250438
-1.00100150250438,-1.00100150250438,"`hsa-miR-16-1-3p89`",-1.00100150250438
-1.00100150250438,-1.00100150250438,"`hsa-miR-17-5p70`",-1.00100150250438
-1.00100150250438,-1.00100150250438,"`hsa-miR-183-3p60`",-1.00100150250438
-1.00100150250438,-1.00100150250438,"`hsa-miR-194-5p60`",-1.00100150250438
-1.00100150250438,-1.00100150250438,"`hsa-miR-200a-3p82`",-1.00100150250438
-1.00100150250438,-1.00100150250438,"`hsa-miR-215-5p72`",-1.00100150250438
-1.00100150250438,-1.00100150250438,"`hsa-miR-22-3p77`",-1.00100150250438
-1.00100150250438,-1.00100150250438,"`hsa-miR-2276-3p75`",-1.00100150250438
-1.00100150250438,-1.00100150250438,"`hsa-miR-2277-5p52`",-1.00100150250438
-1.00100150250438,-1.00100150250438,"`hsa-miR-296-3p79`",-1.00100150250438
-1.00100150250438,-1.00100150250438,"`hsa-miR-301a-3p88`",-1.00100150250438
-1.00100150250438,-1.00100150250438,"`hsa-miR-30b-5p20`",-1.00100150250438
-1.00100150250438,-1.00100150250438,"`hsa-miR-30c-2-3p50`",-1.00100150250438
-1.00100150250438,-1.00100150250438,"`hsa-miR-314312`",-1.00100150250438
-1.00100150250438,-1.00100150250438,"`hsa-miR-34673`",-1.00100150250438
-1.00100150250438,-1.00100150250438,"`hsa-miR-3620-3p01`",-1.00100150250438
-1.00100150250438,-1.00100150250438,"`hsa-miR-376a-5p86`",-1.00100150250438
-1.00100150250438,-1.00100150250438,"`hsa-miR-378i74`",-1.00100150250438
-1.00100150250438,-1.00100150250438,"`hsa-miR-396037`",-1.00100150250438
-1.00100150250438,-1.00100150250438,"`hsa-miR-422a39`",-1.00100150250438
-1.00100150250438,-1.00100150250438,"`hsa-miR-4446-3p65`",-1.00100150250438
-1.00100150250438,-1.00100150250438,"`hsa-miR-4659b-3p34`",-1.00100150250438
-1.00100150250438,-1.00100150250438,"`hsa-miR-4667-3p44`",-1.00100150250438
-1.00100150250438,-1.00100150250438,"`hsa-miR-4687-5p74`",-1.00100150250438
-1.00100150250438,-1.00100150250438,"`hsa-miR-4766-3p18`",-1.00100150250438
-1.00100150250438,-1.00100150250438,"`hsa-miR-4796-5p70`",-1.00100150250438
-1.00100150250438,-1.00100150250438,"`hsa-miR-510059`",-1.00100150250438
-1.00100150250438,-1.00100150250438,"`hsa-miR-515-5p26`",-1.00100150250438
-1.00100150250438,-1.00100150250438,"`hsa-miR-516a-5p70`",-1.00100150250438
-1.00100150250438,-1.00100150250438,"`hsa-miR-542-3p89`",-1.00100150250438
-1.00100150250438,-1.00100150250438,"`hsa-miR-548f-5p39`",-1.00100150250438
-1.00100150250438,-1.00100150250438,"`hsa-miR-548i35`",-1.00100150250438
-1.00100150250438,-1.00100150250438,"`hsa-miR-548o-3p19`",-1.00100150250438
-1.00100150250438,-1.00100150250438,"`hsa-miR-57843`",-1.00100150250438
-1.00100150250438,-1.00100150250438,"`hsa-miR-629-5p10`",-1.00100150250438
-1.00100150250438,-1.00100150250438,"`hsa-miR-6499-5p50`",-1.00100150250438
-1.00100150250438,-1.00100150250438,"`hsa-miR-653-3p25`",-1.00100150250438
-1.00100150250438,-1.00100150250438,"`hsa-miR-671-5p80`",-1.00100150250438
-1.00100150250438,-1.00100150250438,"`hsa-miR-6715a-3p41`",-1.00100150250438
-1.00100150250438,-1.00100150250438,"`hsa-miR-6862-5p25`",-1.00100150250438
-1.00100150250438,-1.00100150250438,"`hsa-miR-6864-5p28`",-1.00100150250438
-1.00100150250438,-1.00100150250438,"`hsa-miR-7845-5p20`",-1.00100150250438
-1.00100150250438,-1.00100150250438,"`hsa-miR-797679`",-1.00100150250438
-1.00100150250438,-1.00100150250438,"`hsa-miR-885-5p47`",-1.00100150250438
-1.00100150250438,-1.00100150250438,"`hsa-miR-92b-3p18`",-1.00100150250438
-1.00100150250438,-1.00100150250438,"`hsa-miR-92b-5p92`",-1.00100150250438
-1.00100150250438,-1.00100150250438,"`hsa-miR-990222`",-1.00100150250438
-1.17253189120856,-1.17253189120856,"`hsa-miR-1468-5p89`",-1.17253189120856
-1.17253189120856,-1.17253189120856,"`hsa-miR-15b-5p17`",-1.17253189120856
-1.1952132692231,-1.1952132692231,"`hsa-miR-3074-5p08`",-1.1952132692231
-1.20187679815424,-1.20187679815424,"`hsa-miR-5008-3p40`",-1.20187679815424
-1.20902600283361,-1.20902600283361,"`hsa-miR-151a-3p57`",-1.20902600283361
-1.34617201511396,-1.34617201511396,"`hsa-miR-6852-5p04`",-1.34617201511396
-1.36052689644442,-1.36052689644442,"`hsa-miR-495-3p17`",-1.36052689644442
-1.37340718685841,-1.37340718685841,"`hsa-miR-4670-3p51`",-1.37340718685841
-1.44626058839328,-1.44626058839328,"`hsa-miR-490-3p06`",-1.44626058839328
